time,latitude,longitude,depth,mag,magType,nst,gap,dmin,rms,net,id,updated,place,type,horizontalError,depthError,magError,magNst,status,locationSource,magSource
2022-11-26T16:07:26.064Z,31.68803839,-104.4049837,6.080151367,3,ml,29,44,0.03935489728,0.2,tx,tx2022xeij,2022-11-26T16:36:51.040Z,"54 km S of Whites City, New Mexico",earthquake,0.7620549099,0.6724354489,0.1,18,reviewed,tx,tx
2022-11-26T14:37:18.438Z,38.001,-118.2323,4,2.6,ml,28,56.8,0.255,0.3335,nn,nn00852064,2022-11-26T17:00:13.040Z,"29 km NE of Benton, California",earthquake,,0.9,0.46,11,automatic,nn,nn
2022-11-26T10:01:39.720Z,33.096,-117.9731667,1.96,2.51,ml,20,213,0.3849,0.16,ci,ci40381176,2022-11-26T20:05:38.277Z,"43km SE of Avalon, CA",earthquake,0.76,3.2,0.114,26,automatic,ci,ci
2022-11-26T04:12:05.625Z,31.667,-104.4181,6.722,2.5,ml,31,107,0.07,0.34,us,us7000ishh,2022-11-26T05:04:22.040Z,"",earthquake,1.29,4.505,0.069,52,reviewed,us,us
2022-11-26T03:35:34.441Z,31.56777305,-104.0986106,6.118713379,3,ml,26,63,0.02543809351,0.2,tx,tx2022xdjo,2022-11-26T03:49:42.914Z,"40 km NW of Toyah, Texas",earthquake,0.640163946,0.482074565,0.1,14,reviewed,tx,tx
2022-11-26T03:15:51.420Z,36.7043343,-121.3336639,2.49,2.72,md,39,63,0.01078,0.11,nc,nc73811581,2022-11-26T04:36:14.166Z,"10km S of Tres Pinos, CA",earthquake,0.23,0.47,0.19,33,automatic,nc,nc
2022-11-26T01:16:43.120Z,36.6430016,-121.2636642,6.53,2.77,md,45,66,0.05208,0.1,nc,nc73811561,2022-11-26T21:34:32.462Z,"16km NW of Pinnacles, CA",earthquake,0.19,0.56,0.14,62,automatic,nc,nc
2022-11-25T23:34:04.929Z,48.0309,-69.6728,18.088,2.5,ml,10,138,0.653,0.19,us,us7000isip,2022-11-26T08:04:29.040Z,"18 km NW of Cacouna, Canada",earthquake,1.88,8.4,0.081,20,reviewed,us,us
2022-11-25T16:37:55.242Z,35.28646469,-98.00696564,5,3.21,ml,83,38.06674194,0.08853147924,0.8201831625,ok,ok2022xcny,2022-11-25T19:54:08.373Z,"Oklahoma",earthquake,1.403569791,,,61,automatic,ok,ok
2022-11-25T14:17:37.967Z,31.6665,-104.4627,19.682,3.2,ml,20,119,0.033,0.79,us,us7000isba,2022-11-25T14:58:52.040Z,"57 km S of Whites City, New Mexico",earthquake,2.14,6.826,0.085,46,reviewed,us,us
2022-11-25T11:27:17.864Z,32.4416,-102.0542,5,2.7,mb_lg,24,58,0.247,0.41,us,us7000isam,2022-11-25T11:57:27.040Z,"33 km WSW of Ackerly, Texas",earthquake,1.44,1.897,0.117,30,reviewed,us,us
2022-11-25T11:09:53.048Z,47.2602,-115.2696,15.941,2.6,ml,16,55,0.764,0.42,us,us7000isak,2022-11-25T11:24:50.040Z,"13 km WSW of Saint Regis, Montana",earthquake,1.36,8.286,0.064,32,reviewed,us,us
2022-11-25T03:29:50.909Z,37.2713,-97.9353,9.101,2.5,ml,28,104,0.183,0.29,us,us7000is8q,2022-11-25T05:07:28.916Z,"4 km WSW of Danville, Kansas",earthquake,1.34,8.256,0.064,32,reviewed,us,us
2022-11-25T00:48:20.822Z,38.1701,-116.7331,2.1,2.6,ml,19,93.17,0.696,0.1599,nn,nn00852012,2022-11-25T19:09:14.548Z,"45 km ENE of Tonopah, Nevada",earthquake,,1.6,0.36,9,reviewed,nn,nn
2022-11-24T21:18:20.048Z,31.5695,-115.694,13.17,2.6,ml,21,86,0.194,0.61,us,us7000is6y,2022-11-27T00:27:23.040Z,"Baja California, Mexico",earthquake,1.63,6.394,0.062,34,reviewed,us,us
2022-11-24T20:51:13.477Z,31.61248783,-104.0028423,7.712609863,3,ml,26,35,0.0146823897,0.1,tx,tx2022xbat,2022-11-24T22:15:56.040Z,"38 km NNW of Toyah, Texas",earthquake,0.4348220461,0.3643216909,0.1,14,reviewed,tx,tx
2022-11-24T20:50:46.383Z,31.61291112,-103.9793084,8.188208008,3,ml,21,42,0.00920061333,0.1,tx,tx2022xbaw,2022-11-25T00:34:21.136Z,"37 km WSW of Mentone, Texas",earthquake,0.6160268296,0.5471871487,0.2,16,reviewed,tx,tx
2022-11-24T19:19:28.736Z,31.62158071,-103.9981778,7.93112793,4.9,ml,25,53,0.01679806998,0.1,tx,tx2022xaxs,2022-11-25T19:25:26.484Z,"38 km WSW of Mentone, Texas",earthquake,0.5109176974,0.7058904086,0.1,15,reviewed,tx,tx
2022-11-24T19:14:19.623Z,31.62898962,-103.9815328,6.954223633,4.5,ml,26,48,0.02128032665,0.1,tx,tx2022xaxp,2022-11-26T15:09:39.791Z,"37 km WSW of Mentone, Texas",earthquake,0.4695483087,0.6494553202999999,0.1,15,reviewed,tx,tx
2022-11-24T18:06:09.197Z,31.712,-104.453,5,2.7,mb_lg,17,125,0.059,0.37,us,us7000is5q,2022-11-24T21:47:20.847Z,"51 km S of Whites City, New Mexico",earthquake,2.15,1.93,0.124,24,reviewed,us,us
2022-11-24T15:37:56.420Z,36.0043333,-120.5643333,4.14,2.51,md,64,46,0.02304,0.09,nc,nc73811036,2022-11-26T00:43:12.859Z,"17km NW of Parkfield, CA",earthquake,0.13,0.18,0.151,58,reviewed,nc,nc
2022-11-24T07:20:55.050Z,33.0723343,-115.5863342,10.82,3.15,ml,76,43,0.03418,0.29,ci,ci40380264,2022-11-25T19:42:57.875Z,"5km NE of Westmorland, CA",earthquake,0.23,0.42,0.338,21,reviewed,ci,ci
2022-11-24T07:18:11.198Z,31.657,-104.393,5,2.6,ml,26,112,0.093,0.48,us,us7000is0n,2022-11-24T20:22:09.470Z,"western Texas",earthquake,1.44,1.848,0.067,39,reviewed,us,us
2022-11-24T06:25:39.725Z,31.0122,-116.5181,10,4.2,mb,63,187,0.734,0.79,us,us7000is09,2022-11-24T06:50:32.040Z,"34 km W of Las Brisas, Mexico",earthquake,2.13,1.968,0.11,23,reviewed,us,us
2022-11-23T22:34:02.290Z,37.2916667,-121.6641667,5.82,2.92,md,111,41,0.0334,0.08,nc,nc73810741,2022-11-25T06:35:32.803Z,"15km E of Seven Trees, CA",earthquake,0.08,0.17,0.178,160,reviewed,nc,nc
2022-11-23T22:16:57.380Z,33.8768333,-117.7598333,3.34,2.61,ml,71,25,0.05408,0.23,ci,ci40380048,2022-11-25T21:51:30.961Z,"5km ESE of Yorba Linda, CA",earthquake,0.21,0.47,0.198,27,automatic,ci,ci
2022-11-23T14:50:35.291Z,31.52836424,-104.0080874,6.735705566,2.7,ml,26,64,0.03978448044,0.2,tx,tx2022wytk,2022-11-24T06:43:04.040Z,"31 km NW of Toyah, Texas",earthquake,0.600897029,0.5072398595,0.1,14,reviewed,tx,tx
2022-11-23T13:38:09.700Z,35.6381667,-117.4441667,6.62,2.51,ml,34,74,0.1303,0.14,ci,ci40379888,2022-11-24T06:19:30.040Z,"15km SSW of Searles Valley, CA",earthquake,0.16,0.57,0.159,80,reviewed,ci,ci
2022-11-23T08:05:12.187Z,31.6797273,-104.4108303,6.131567383,2.9,ml,11,77,0.01285860803,0.2,tx,tx2022wyga,2022-11-23T08:20:19.064Z,"55 km S of Whites City, New Mexico",earthquake,0.9730985237,0.6868458639,0.1,7,reviewed,tx,tx
2022-11-23T03:42:45.020Z,32.91,-115.9686667,9.87,2.57,ml,71,30,0.02312,0.21,ci,ci40379696,2022-11-24T01:59:04.040Z,"20km N of Ocotillo, CA",earthquake,0.15,0.42,0.169,104,reviewed,ci,ci
2022-11-23T02:30:13.657Z,38.1864,-117.8655,6.3,3.5,ml,34,52.43,0.088,0.2189,nn,nn00851914,2022-11-23T16:00:26.839Z,"31 km SE of Mina, Nevada",earthquake,,0.8,0.51,17,reviewed,nn,nn
2022-11-23T01:57:57.820Z,31.71635872,-104.5581962,7.828295898,3.6,ml,25,84,0.02546249951,0.2,tx,tx2022wxtx,2022-11-24T02:01:59.641Z,"53 km SSW of Whites City, New Mexico",earthquake,1.042226669,0.48762861,0.2,18,reviewed,tx,tx
2022-11-22T23:31:31.671Z,38.3489,-115.8266,7.3,2.9,ml,10,175.49,0.707,0.1967,nn,nn00851875,2022-11-23T23:47:32.040Z,"78 km N of Rachel, Nevada",earthquake,,8.5,0.14,5,reviewed,nn,nn
2022-11-22T23:28:15.666Z,38.322,-115.9271,4.8,2.8,ml,9,223.2,0.692,0.2048,nn,nn00851872,2022-11-23T23:49:18.040Z,"76 km NNW of Rachel, Nevada",earthquake,,5.1,0.18,5,reviewed,nn,nn
2022-11-22T23:24:57.768Z,47.1331,-65.603,12.292,2.8,ml,16,89,0.343,0.36,us,us7000irr9,2022-11-25T05:49:38.040Z,"13 km NNW of Miramichi, Canada",earthquake,2.23,8.407,0.06,36,reviewed,us,us
2022-11-22T22:37:32.622Z,31.61543446,-103.9806647,7.494091797,2.5,ml,25,55,0.01114609983,0.1,tx,tx2022wxnh,2022-11-24T00:00:06.040Z,"37 km WSW of Mentone, Texas",earthquake,0.5563605344,0.7478512946,0.2,19,reviewed,tx,tx
2022-11-22T21:51:18.205Z,31.60261979,-104.2379952,7.314135742,2.5,ml,40,70,0.07280686641,0.2,tx,tx2022wxlt,2022-11-24T00:09:52.040Z,"52 km NW of Toyah, Texas",earthquake,0.7609347166,1.2270591390000003,0,6,reviewed,tx,tx
2022-11-22T21:00:56.201Z,30.954,-116.486,10,4.5,mb,33,213,0.743,0.82,us,us7000irm7,2022-11-22T23:06:24.410Z,"30 km W of Las Brisas, Mexico",earthquake,3.84,1.926,0.118,21,reviewed,us,us
2022-11-22T19:29:16.130Z,32.2506667,-115.369,8.44,2.87,ml,24,221,0.1768,0.23,ci,ci40379464,2022-11-22T21:35:55.355Z,"19km W of Alberto Oviedo Mota, B.C., MX",earthquake,0.93,1.5,0.155,59,reviewed,ci,ci
2022-11-22T19:08:14.772Z,31.72202186,-104.538867,6.234399414,2.7,ml,40,83,0.03735853271,0.3,tx,tx2022wxgj,2022-11-23T16:51:48.774Z,"52 km SSW of Whites City, New Mexico",earthquake,1.066101125,0.8049782144,0.2,27,reviewed,tx,tx
2022-11-22T16:39:05.692Z,30.7832,-116.3899,10,6.2,mww,150,166,0.799,0.7,us,us7000irjd,2022-11-27T01:08:54.744Z,"29 km SW of Las Brisas, Mexico",earthquake,4.76,1.846,0.029,118,reviewed,us,us
2022-11-22T14:59:56.163Z,31.5651355,-104.0973856,6.131567383,2.6,ml,26,63,0.02754761872,0.2,tx,tx2022wwye,2022-11-23T18:03:38.339Z,"40 km NW of Toyah, Texas",earthquake,0.6885982928999999,0.5243154318999999,0.1,14,reviewed,tx,tx
2022-11-22T12:04:53.910Z,41.5098333,-112.1785,7.2,2.81,ml,41,66,0.0968,0.18,uu,uu60526012,2022-11-23T03:52:13.554Z,"7 km SW of Corinne, Utah",earthquake,0.27,0.54,0.151,20,reviewed,uu,uu
2022-11-22T05:07:49.415Z,31.67840454,-104.5330249,6.131567383,2.8,ml,57,80,0.02919804107,0.2,tx,tx2022wweq,2022-11-24T09:35:26.318Z,"57 km SSW of Whites City, New Mexico",earthquake,0.8673729726,0.5458611471,0.1,30,reviewed,tx,tx
2022-11-21T02:52:42.018Z,37.9964,-118.2278,5.4,2.9,ml,25,52.77,0.273,0.1561,nn,nn00851705,2022-11-24T01:26:48.040Z,"29 km NE of Benton, California",earthquake,,5.4,0.3,10,reviewed,nn,nn
2022-11-21T00:52:14.363Z,38.3662,-115.8242,10.4,3,ml,29,60.54,0.725,0.2573,nn,nn00851695,2022-11-21T23:56:04.888Z,"80 km N of Rachel, Nevada",earthquake,,1.8,0.29,15,reviewed,nn,nn
2022-11-21T00:05:43.378Z,31.72073247,-104.5270042,5.977319336,3.2,ml,47,82,0.002540980578,0.2,tx,tx2022wtze,2022-11-25T10:00:48.878Z,"52 km SSW of Whites City, New Mexico",earthquake,1.34593216,0.7286162548,0.2,36,reviewed,tx,tx
2022-11-20T14:35:35.923Z,31.67402863,-104.2907317,7.828295898,2.5,ml,31,48,0.02215529894,0.2,tx,tx2022wtgj,2022-11-23T14:07:05.040Z,"56 km S of Whites City, New Mexico",earthquake,0.7300700182999998,0.75345197,0.2,17,reviewed,tx,tx
2022-11-20T07:13:29.469Z,31.67866353,-104.4980343,6.080151367,2.8,ml,25,67,0.01034706592,0.2,tx,tx2022wsru,2022-11-24T10:36:47.623Z,"56 km SSW of Whites City, New Mexico",earthquake,1.023957262,0.5519265482,0.2,32,reviewed,tx,tx
2022-11-20T05:23:49.753Z,31.61467777,-104.0008352,9.319360352,2.5,ml,39,67,0.01532146673,0.1,tx,tx2022wsoc,2022-11-23T20:24:45.933Z,"38 km NNW of Toyah, Texas",earthquake,0.4780162619,0.382363127,0.2,55,reviewed,tx,tx
2022-11-20T02:10:25.319Z,31.52457686,-104.00686,6.645727539,2.6,ml,26,57,0.04159663069,0.1,tx,tx2022wshu,2022-11-22T18:14:03.587Z,"30 km NW of Toyah, Texas",earthquake,0.8063491689,0.5750945329,0.1,13,reviewed,tx,tx
2022-11-19T21:49:22.100Z,35.5711667,-120.8061667,3.46,2.81,md,61,50,0.07011,0.09,nc,nc73809431,2022-11-20T16:17:32.184Z,"9km WNW of Templeton, CA",earthquake,0.16,0.5,0.15,86,reviewed,nc,nc
2022-11-19T10:03:52.335Z,31.63489585,-104.0020069,7.468383789,4,ml,64,29,0.02022828971,0.1,tx,tx2022wrbx,2022-11-21T23:09:16.476Z,"38 km WSW of Mentone, Texas",earthquake,0.3740445906,0.4914256713,0.2,32,reviewed,tx,tx
2022-11-19T04:15:41.720Z,34.1968333,-116.9511667,9.08,2.62,ml,104,23,0.07,0.15,ci,ci40377816,2022-11-20T17:52:35.369Z,"6km SW of Big Bear Lake, CA",earthquake,0.09,0.23,0.143,148,reviewed,ci,ci
2022-11-18T23:32:23.924Z,31.62950719,-103.9986185,6.041589355,2.6,ml,36,40,0.0190027255,0.2,tx,tx2022wqhb,2022-11-22T19:59:07.644Z,"western Texas",earthquake,0.31485454730000006,0.3742234313,0.1,17,reviewed,tx,tx
2022-11-18T20:59:21.287Z,31.65396867,-104.5125867,8.008251953,2.7,ml,30,75,0.01778546264,0.5,tx,tx2022wqbz,2022-11-19T16:35:21.040Z,"59 km SSW of Whites City, New Mexico",earthquake,1.864913965,1.09797552,0.1,17,reviewed,tx,tx
2022-11-18T20:21:46.584Z,31.55345937,-104.0868348,6.568603515999999,2.5,ml,40,63,0.03291418644,0.2,tx,tx2022wqau,2022-11-19T16:10:47.040Z,"38 km NW of Toyah, Texas",earthquake,0.666250405,0.6955354633,0.1,24,reviewed,tx,tx
2022-11-18T19:23:22.139Z,31.62847084,-103.9992862,8.599536133,2.9,ml,21,52,0.01799232884,0.1,tx,tx2022wpyw,2022-11-18T20:14:33.040Z,"38 km WSW of Mentone, Texas",earthquake,1.289306476,0.702256671,0.2,10,reviewed,tx,tx
2022-11-18T18:58:39.370Z,31.63956788,-104.013195,6.041589355,2.7,ml,25,40,0.02018041508,0.1,tx,tx2022wpxz,2022-11-18T20:37:04.576Z,"western Texas",earthquake,0.3725744938,0.3810070417,0.2,18,reviewed,tx,tx
2022-11-18T09:04:56.057Z,31.63248808,-104.0005158,6.093005371,2.7,ml,36,50,0.01943858787,0.2,tx,tx2022wpem,2022-11-18T16:47:42.199Z,"38 km WSW of Mentone, Texas",earthquake,0.4287260139,0.3484176705,0.1,20,reviewed,tx,tx
2022-11-18T08:12:39.614Z,31.62771827,-103.9838138,7.661193848,2.5,ml,50,49,0.02130090788,0.2,tx,tx2022wpct,2022-11-18T19:06:51.469Z,"37 km WSW of Mentone, Texas",earthquake,0.4230850257,0.5464791676,0,7,reviewed,tx,tx
2022-11-18T05:34:56.995Z,31.66548399,-104.5398877,6.131567383,2.9,ml,38,79,0.0334955598,0.2,tx,tx2022woxo,2022-11-18T06:01:05.023Z,"58 km SSW of Whites City, New Mexico",earthquake,1.274915122,0.6586047403,0.1,23,reviewed,tx,tx
2022-11-18T03:34:03.001Z,31.63077607,-103.9971448,9.473608398,2.7,ml,69,31,0.02073782791,0.2,tx,tx2022wotl,2022-11-18T08:48:33.649Z,"western Texas",earthquake,0.5060585201,0.5480883588,0.2,40,reviewed,tx,tx
2022-11-18T03:10:16.172Z,31.64886475,-104.5844846,7.018513997,2.9,ml,39,80,0.07398074361,0.2,tx,tx2022wost,2022-11-18T14:25:28.535Z,"61 km SSW of Whites City, New Mexico",earthquake,1.186820826,1.21013552,0.1,23,reviewed,tx,tx
2022-11-18T01:49:19.379Z,35.87416667,-97.58933333,9.75,2.64,ml,90,32,0,0.16,ok,ok2022woqc,2022-11-18T13:57:52.613Z,"",earthquake,,2.1,0.23,43,reviewed,ok,ok
2022-11-17T19:00:24.883Z,31.6348178,-103.9911103,6.427209473,2.5,ml,40,32,0.02725711418,0.2,tx,tx2022wocp,2022-11-18T16:56:07.217Z,"37 km WSW of Mentone, Texas",earthquake,0.3859345052,0.5398813228,0.2,25,reviewed,tx,tx
2022-11-17T14:43:12.764Z,30.71228027,-104.673447,6.602783203000001,2.5,ml,36,138,0.278154846,0.3,tx,tx2022wnud,2022-11-24T20:32:03.040Z,"21 km NW of Valentine, Texas",earthquake,1.788578841,2.101719389,0.1,19,reviewed,tx,tx
2022-11-17T13:23:21.942Z,44.2235,-116.2207,10,3.4,ml,16,64,0.857,0.64,us,us7000iqeg,2022-11-21T17:42:08.335Z,"13 km SW of Smiths Ferry, Idaho",earthquake,2.3,1.987,0.028,162,reviewed,us,us
2022-11-17T12:31:55.560Z,31.61738727,-103.980808,8.22677002,2.5,ml,23,87,0.01221038566,0.2,tx,tx2022wnpu,2022-11-19T05:44:00.985Z,"37 km WSW of Mentone, Texas",earthquake,0.5645719546,0.46599425,0.2,16,reviewed,tx,tx
2022-11-17T11:29:42.805Z,31.6196887,-103.9797423,6.350085449,2.5,ml,21,86,0.01294433927,0.1,tx,tx2022wnns,2022-11-17T20:40:08.077Z,"37 km WSW of Mentone, Texas",earthquake,0.5941044724,0.4040087446,0.2,15,reviewed,tx,tx
2022-11-17T05:23:15.064Z,31.63748457,-104.0174897,7.224157714999999,2.7,ml,73,39,0.01771589559,0.3,tx,tx2022wnbq,2022-11-17T09:02:34.533Z,"40 km W of Mentone, Texas",earthquake,0.4818504575,0.5200372987000002,0.2,38,reviewed,tx,tx
2022-11-17T04:38:31.981Z,31.63563504,-103.9872129,8.625244141,3.8,ml,61,57,0.03050261862,0.2,tx,tx2022wnac,2022-11-21T16:46:04.438Z,"37 km WSW of Mentone, Texas",earthquake,0.4565236274,0.5781065249000001,0.2,33,reviewed,tx,tx
2022-11-17T01:49:06.251Z,31.61709197,-104.0004432,8.021105957,2.5,ml,46,34,0.01501811036,0.2,tx,tx2022wmuo,2022-11-17T13:55:13.104Z,"38 km NNW of Toyah, Texas",earthquake,0.4165548373,0.4471366673,0.2,36,reviewed,tx,tx
2022-11-17T01:07:11.932Z,31.61013778,-103.9841374,9.627856445,2.9,ml,52,42,0.01306186414,0.2,tx,tx2022wmtf,2022-11-17T05:55:45.040Z,"37 km NNW of Toyah, Texas",earthquake,0.4783062937,0.3925179174,0.1,30,reviewed,tx,tx
2022-11-17T01:04:09.070Z,31.61714426,-103.9848418,9.229382324,3.5,ml,73,39,0.01509933772,0.2,tx,tx2022wmtd,2022-11-18T01:08:58.194Z,"37 km WSW of Mentone, Texas",earthquake,0.407798999,0.5123908262,0.2,43,reviewed,tx,tx
2022-11-17T00:21:03.814Z,31.61147683,-103.960608,6.118713379,2.5,ml,35,49,0.007065360933,0.1,tx,tx2022wmrr,2022-11-17T14:36:50.467Z,"35 km WSW of Mentone, Texas",earthquake,0.4745974965,0.4703427896,0.2,30,reviewed,tx,tx
2022-11-16T23:15:03.852Z,31.61717663,-103.9748891,7.738317870999999,2.8,ml,67,41,0.008289409067,0.2,tx,tx2022wmpl,2022-11-17T16:45:52.409Z,"36 km WSW of Mentone, Texas",earthquake,0.3979932194,0.5964450022,0.1,36,reviewed,tx,tx
2022-11-16T22:50:36.340Z,31.6073499,-103.9932696,8.496704102000002,2.6,ml,33,57,0.0211088339,0.2,tx,tx2022wmor,2022-11-17T15:47:18.277Z,"37 km NNW of Toyah, Texas",earthquake,0.5514440741,0.5139176089,0.2,18,reviewed,tx,tx
2022-11-16T22:39:13.563Z,31.62947111,-104.0091105,8.123937988,4,ml,65,28,0.01217681002,0.2,tx,tx2022wmog,2022-11-17T22:45:13.244Z,"39 km WSW of Mentone, Texas",earthquake,0.3487371414,0.4202172365,0.2,53,reviewed,tx,tx
2022-11-16T22:01:04.256Z,31.63447804,-103.9896289,5.874487305,2.6,ml,18,83,0.02969373108,0.1,tx,tx2022wmnb,2022-11-17T00:42:35.778Z,"37 km WSW of Mentone, Texas",earthquake,0.5438910784999998,0.6610738489,0.2,12,reviewed,tx,tx
2022-11-16T21:52:02.421Z,31.62852652,-103.9826069,8.702368164,2.5,ml,48,36,0.02137164028,0.3,tx,tx2022wmmt,2022-11-17T09:59:13.110Z,"37 km WSW of Mentone, Texas",earthquake,0.5925321234,0.7740357686,0.2,27,reviewed,tx,tx
2022-11-16T21:46:03.596Z,31.60882457,-103.9636898,8.650952148,2.6,ml,28,47,0.04180113523,0.2,tx,tx2022wmmo,2022-11-17T02:54:28.476Z,"36 km WSW of Mentone, Texas",earthquake,0.597543612,0.931127986,0.1,17,reviewed,tx,tx
2022-11-16T21:40:29.772Z,31.61834703,-103.9681694,5.604553223,3.4,ml,31,76,0.007681257223,0.2,tx,tx2022wmmk,2022-11-17T02:39:19.321Z,"western Texas",earthquake,0.4412808601,0.4768665473,0.2,18,reviewed,tx,tx
2022-11-16T21:39:45.025Z,31.6365363,-103.992598,5.334619141,2.8,ml,25,58,0.02723274747,0.2,tx,tx2022wmmj,2022-11-17T00:19:15.740Z,"western Texas",earthquake,0.5721855392,0.6457161445,0.1,14,reviewed,tx,tx
2022-11-16T21:36:30.788Z,31.63425093,-103.9888208,6.620019531,2.6,ml,13,86,0.02861427392,0.1,tx,tx2022wmmh,2022-11-17T23:21:17.289Z,"37 km WSW of Mentone, Texas",earthquake,0.638139173,0.8094712489,0.1,7,reviewed,tx,tx
2022-11-16T21:32:44.481Z,31.6367452,-103.9987871,6.902807617,5.4,ml,42,46,0.02345152448,0.1,tx,tx2022wmmd,2022-11-26T21:42:46.665Z,"38 km WSW of Mentone, Texas",earthquake,0.4628109061,0.629622792,0.2,21,reviewed,tx,tx
2022-11-16T13:47:44.447Z,47.2851,-114.1267,11.888,3.7,mwr,41,50,0.474,0.82,us,us7000iq4e,2022-11-22T21:40:16.736Z,"4 km ENE of Ravalli, Montana",earthquake,4.96,6.818,0.047,43,reviewed,us,us
2022-11-16T10:29:50.960Z,42.214,-111.091,7.6,3.04,ml,29,100,0.1986,0.21,uu,uu60525377,2022-11-26T08:34:06.040Z,"18 km NNW of Taylor, Wyoming",earthquake,0.44,1.29,0.207,13,reviewed,uu,uu
2022-11-16T10:20:08.970Z,42.2158333,-111.0901667,7.23,2.6,ml,30,100,0.1991,0.2,uu,uu60525372,2022-11-26T08:32:31.040Z,"18 km NNW of Taylor, Wyoming",earthquake,0.44,1.1,0.195,11,reviewed,uu,uu
2022-11-16T09:58:54.140Z,42.2126667,-111.091,9.49,3.57,ml,26,100,0.1978,0.24,uu,uu60525357,2022-11-26T08:33:21.120Z,"17 km NNW of Taylor, Wyoming",earthquake,0.47,1.11,0.218,17,reviewed,uu,uu
2022-11-16T09:41:58.110Z,42.2076667,-111.0896667,10.25,2.97,ml,26,99,0.1942,0.2,uu,uu60525337,2022-11-24T13:52:46.040Z,"17 km NNW of Taylor, Wyoming",earthquake,0.48,0.86,0.166,13,reviewed,uu,uu
2022-11-16T09:18:22.180Z,42.2151667,-111.0913333,7.61,2.81,ml,30,100,0.1995,0.2,uu,uu60525317,2022-11-24T13:46:00.040Z,"18 km NNW of Taylor, Wyoming",earthquake,0.46,0.99,0.192,13,reviewed,uu,uu
2022-11-16T05:22:16.280Z,37.4401667,-122.4241667,10.54,2.83,md,122,155,0.01136,0.12,nc,nc73808001,2022-11-23T07:06:37.040Z,"3km S of Half Moon Bay, CA",earthquake,0.13,0.18,0.156,143,reviewed,nc,nc
2022-11-15T19:28:25.937Z,38.2014,-117.8786,8.2,2.5,ml,20,84.6,0.084,0.1476,nn,nn00851327,2022-11-15T19:59:11.800Z,"29 km SE of Mina, Nevada",earthquake,,1.4,0.41,7,reviewed,nn,nn
2022-11-15T10:49:13.730Z,35.28233333,-98.01733333,7.9,2.92,ml,96,33,0,0.17,ok,ok2022wjvk,2022-11-15T23:59:43.704Z,"7 km WSW of Minco, Oklahoma",earthquake,,0.3,0.27,54,reviewed,ok,ok
2022-11-15T10:40:53.304Z,31.56097224,-104.1038136,7.057055663999999,2.7,ml,52,64,0.02548645478,0.2,tx,tx2022wjvc,2022-11-15T15:03:50.040Z,"40 km NW of Toyah, Texas",earthquake,0.7029365232,0.6117183872,0.1,29,reviewed,tx,tx
2022-11-15T04:01:52.499Z,39.3318,-117.4792,9.2,3,ml,12,72.82,0.496,0.123,nn,nn00851287,2022-11-16T03:50:45.040Z,"37 km WNW of Kingston, Nevada",earthquake,,1.9,0.05,2,reviewed,nn,nn
2022-11-15T02:23:33.302Z,45.7212,-73.6966,7.952,3,mb_lg,28,82,0.227,0.39,us,us7000iprx,2022-11-20T03:22:50.714Z,"4 km WNW of Terrebonne, Canada",earthquake,1.85,7.558,0.073,50,reviewed,us,us
2022-11-14T20:29:54.130Z,38.8171667,-122.7993333,3.39,2.69,md,44,32,,0.03,nc,nc73805095,2022-11-22T18:41:37.040Z,"6km NW of The Geysers, CA",earthquake,0.18,0.31,0.279,28,reviewed,nc,nc
2022-11-14T20:27:18.830Z,38.82,-122.793,2.92,2.96,md,85,26,,0.05,nc,nc73805070,2022-11-20T17:42:17.449Z,"6km NNW of The Geysers, CA",earthquake,0.1,0.16,0.155,117,reviewed,nc,nc
2022-11-14T15:45:04.890Z,44.7905,-110.8218333,7.63,2.59,ml,26,103,0.02053,0.21,uu,uu60524952,2022-11-14T17:00:54.040Z,"Wyoming",earthquake,0.46,0.7,0.286,5,reviewed,uu,uu
2022-11-14T14:11:53.427Z,32.27325439,-101.9349038,7.898885091,2.9,ml,38,84,0.04585723204,0.2,tx,tx2022wigo,2022-11-20T18:23:58.040Z,"21 km NW of Stanton, Texas",earthquake,1.363739816,0.785767704,0.2,33,reviewed,tx,tx
2022-11-14T05:36:13.104Z,44.3576,-115.1455,10,2.6,ml,12,67,0.951,0.26,us,us7000ipke,2022-11-14T12:41:28.040Z,"22 km NW of Stanley, Idaho",earthquake,1.88,2.012,0.048,56,reviewed,us,us
2022-11-13T18:43:11.714Z,32.6524,-93.9825,5,3,mb_lg,26,130,0.417,0.45,us,us7000iphl,2022-11-17T01:28:08.189Z,"4 km SSW of Mooringsport, Louisiana",earthquake,4.33,1.99,0.071,124,reviewed,us,us
2022-11-13T12:14:56.703Z,31.68403456,-104.3844888,7.416967772999999,2.5,ml,48,68,0.03549705828,0.2,tx,tx2022wghf,2022-11-15T05:32:56.040Z,"54 km S of Whites City, New Mexico",earthquake,0.6586702128000002,0.8047854906,0.1,27,reviewed,tx,tx
2022-11-13T06:46:45.620Z,31.56471977,-104.1141859,6.812829589999999,2.6,ml,62,65,0.01674516626,0.2,tx,tx2022wfwk,2022-11-14T16:50:19.845Z,"41 km NW of Toyah, Texas",earthquake,0.5207680131,0.5320387458,0.1,36,reviewed,tx,tx
2022-11-13T06:41:59.751Z,31.56818731,-104.1093671,7.04420166,2.6,ml,68,54,0.01723427504,0.2,tx,tx2022wfwf,2022-11-14T18:32:06.280Z,"41 km NW of Toyah, Texas",earthquake,0.4744768862,0.5376528799,0.1,36,reviewed,tx,tx
2022-11-13T04:36:24.265Z,31.65098384,-104.2173573,6.851391602,3.3,ml,25,64,0.0454918935,0.2,tx,tx2022wfsc,2022-11-16T21:45:43.175Z,"54 km NW of Toyah, Texas",earthquake,0.7976126288,0.9309969014000001,0.2,22,reviewed,tx,tx
2022-11-13T04:32:11.549Z,31.64823732,-104.2151853,8.033959961,2.8,ml,42,64,0.04841817538,0.2,tx,tx2022wfry,2022-11-13T07:16:36.986Z,"54 km NW of Toyah, Texas",earthquake,0.7425291381,0.7985719206,0.2,32,reviewed,tx,tx
2022-11-12T17:06:55.630Z,36.8175,-121.5528333,6.37,2.73,md,82,27,0.02875,0.18,nc,nc73804360,2022-11-22T02:56:14.699Z,"3km SSW of San Juan Bautista, CA",earthquake,0.2,0.41,0.135,89,reviewed,nc,nc
2022-11-12T14:01:55.063Z,44.2666,-115.1034,10,3,ml,17,67,0.862,0.5,us,us7000ipb5,2022-11-15T06:00:40.796Z,"14 km WNW of Stanley, Idaho",earthquake,2.19,2.012,0.037,94,reviewed,us,us
2022-11-12T13:45:07.260Z,41.5125,-112.1813333,10.07,3.58,ml,30,67,0.09341,0.15,uu,uu60524772,2022-11-19T00:22:15.137Z,"7 km SW of Corinne, Utah",earthquake,0.29,1.28,0.141,23,reviewed,uu,uu
2022-11-12T13:11:22.400Z,38.5111667,-119.5185,4.48,3.09,ml,24,83,0.03055,0.07,nc,nc73804285,2022-11-13T00:52:13.223Z,"3km W of Walker, CA",earthquake,0.19,0.37,0.152,54,reviewed,nc,nc
2022-11-12T10:20:31.090Z,31.5266667,-115.7781667,17.69,2.78,ml,12,149,0.1349,0.21,ci,ci40131415,2022-11-13T18:21:06.974Z,"78km ESE of Maneadero, B.C., MX",earthquake,0.8,0.9,0.14,53,reviewed,ci,ci
2022-11-12T09:58:48.186Z,43.8328,-109.2494,10.289,3.5,ml,68,35,1.006,0.61,us,us7000ip9u,2022-11-13T10:01:51.489Z,"45 km NE of Dubois, Wyoming",earthquake,2.89,8.476,0.051,50,reviewed,us,us
2022-11-12T09:30:12.610Z,38.1878,-117.8543,6.2,2.5,ml,14,55.2,0.096,0.1476,nn,nn00851168,2022-11-14T17:42:35.654Z,"31 km SE of Mina, Nevada",earthquake,,2.1,0.22,7,reviewed,nn,nn
2022-11-12T04:31:09.900Z,37.8308333,-122.0476667,9.69,2.71,md,134,35,0.0188,0.17,nc,nc73804110,2022-11-20T08:21:10.290Z,"2km SSW of Alamo, CA",earthquake,0.12,0.22,0.154,145,reviewed,nc,nc
2022-11-12T04:13:23.760Z,32.22198486,-103.0796256,6.871785482,2.6,ml,28,49,0.3008025442,0.2,tx,tx2022wdvv,2022-11-14T21:26:38.143Z,"16 km NE of Jal, New Mexico",earthquake,1.318796567,2.378447592,0.1,17,reviewed,tx,tx
2022-11-11T12:05:35.820Z,35.8905,-117.7288333,2.73,2.8,ml,35,54,0.08685,0.15,ci,ci40131063,2022-11-14T08:26:41.040Z,"17km ESE of Little Lake, CA",earthquake,0.18,0.32,0.162,24,reviewed,ci,ci
2022-11-11T11:16:19.920Z,35.7415,-117.5666667,3.56,3.19,ml,45,70,0.07821,0.15,ci,ci40131047,2022-11-14T08:24:46.040Z,"15km W of Searles Valley, CA",earthquake,0.14,0.5,0.122,222,reviewed,ci,ci
2022-11-11T06:16:59.080Z,35.8008333,-90.1481667,6.03,2.5,md,38,44,0.01682,0.22,nm,nm60415501,2022-11-23T13:01:08.040Z,"8 km S of Manila, Arkansas",earthquake,0.31,0.65,0.118,35,reviewed,nm,nm
2022-11-11T06:09:30.880Z,36.3435,-89.433,4.38,3.19,md,57,35,0.05148,0.17,nm,nm60415496,2022-11-23T12:58:30.040Z,"5 km SE of Tiptonville, Tennessee",earthquake,0.18,0.26,0.152904569240703,44,reviewed,nm,nm
2022-11-11T04:08:15.403Z,31.10995141,-103.2439976,2.738110352,2.7,ml,31,60,0.01656245167,0.2,tx,tx2022wcaa,2022-11-17T00:23:49.322Z,"western Texas",earthquake,1.302371046,0.8206471409000001,0.2,19,reviewed,tx,tx
2022-11-10T23:25:48.950Z,34.72283333,-98.48466667,20.94,2.76,ml,101,95,0.2447519713,0.43,ok,ok2022wbqv,2022-11-20T03:58:01.040Z,"1 km ESE of Medicine Park, Oklahoma",earthquake,,0.7,0.25,30,reviewed,ok,ok
2022-11-10T13:29:43.910Z,38.8085,-122.735,2.41,2.61,md,82,52,0.01222,0.07,nc,nc73803290,2022-11-17T07:47:13.991Z,"2km SW of Cobb, CA",earthquake,0.11,0.17,0.14,71,reviewed,nc,nc
2022-11-10T06:04:24.936Z,31.61005255,-104.3069072,7.57121582,2.7,ml,53,60,0.07130471104,0.2,tx,tx2022waim,2022-11-10T18:19:04.790Z,"58 km WNW of Toyah, Texas",earthquake,0.645621705,0.8041388661999999,0,6,reviewed,tx,tx
2022-11-10T02:34:13.443Z,40.1488,-119.1397,8.2,2.5,ml,13,199.96,0.453,0.1773,nn,nn00850988,2022-11-14T00:44:25.040Z,"39 km NNE of Nixon, Nevada",earthquake,,1.2,0.31,7,reviewed,nn,nn
2022-11-10T00:06:43.616Z,40.1662,-119.1438,13,2.5,ml,8,186.55,0.45,0.1776,nn,nn00850964,2022-11-25T22:49:44.040Z,"41 km NNE of Nixon, Nevada",earthquake,,1.6,0.36,4,reviewed,nn,nn
2022-11-09T22:56:27.510Z,31.5633333,-115.6926667,4.02,2.97,ml,11,114,0.1883,0.07,ci,ci40130535,2022-11-25T22:30:21.040Z,"84km ESE of Maneadero, B.C., MX",earthquake,0.36,1.09,0.148,52,reviewed,ci,ci
2022-11-09T21:51:19.190Z,34.944,-97.62583333,10.88,2.71,ml,100,35,0.03599293696,0.26,ok,ok2022vzsf,2022-11-24T05:18:50.200Z,"9 km S of Dibble, Oklahoma",earthquake,,0.7,0.19,36,reviewed,ok,ok
2022-11-09T13:48:48.770Z,40.1633,-119.1358,8,2.6,ml,11,186.48,0.456,0.1326,nn,nn00850892,2022-11-11T06:19:11.040Z,"41 km NNE of Nixon, Nevada",earthquake,,1.4,0.25,7,reviewed,nn,nn
2022-11-09T10:12:07.123Z,31.5097,-115.6351,18.894,2.7,ml,34,102,0.173,0.74,us,us7000inhp,2022-11-23T11:41:33.741Z,"61 km ENE of San Vicente, Mexico",earthquake,2.3,6.89,0.057,40,reviewed,us,us
2022-11-08T17:56:22.310Z,31.6668,-104.3661,7.25,2.7,ml,51,48,0.057,0.56,us,us7000inc3,2022-11-09T21:40:07.791Z,"56 km S of Whites City, New Mexico",earthquake,1.23,2.337,0.062,95,reviewed,us,us
2022-11-08T17:35:07.270Z,40.2838333,-124.4176667,8.5,2.53,md,26,238,0.05761,0.15,nc,nc73802800,2022-11-09T09:31:13.077Z,"12km WSW of Petrolia, CA",earthquake,0.59,0.37,0.123,35,reviewed,nc,nc
2022-11-08T16:35:25.910Z,39.6085,-120.3948333,-1.58,2.76,md,25,63,0.1336,0.12,nc,nc73802785,2022-11-15T14:40:08.040Z,"15km WSW of Loyalton, CA",earthquake,0.23,1.26,0.146,61,reviewed,nc,nc
2022-11-08T15:26:06.880Z,39.4851667,-123.115,3.83,2.63,md,46,71,0.09427,0.08,nc,nc73802750,2022-11-09T00:08:13.625Z,"16km WNW of Lake Pillsbury, CA",earthquake,0.15,0.54,0.235,51,reviewed,nc,nc
2022-11-08T13:42:31.680Z,40.1563,-119.1389,7,2.5,ml,13,104.06,0.454,0.2315,nn,nn00850814,2022-11-08T16:48:21.040Z,"40 km NNE of Nixon, Nevada",earthquake,,1.8,0.22,8,reviewed,nn,nn
2022-11-08T11:57:11.424Z,31.66201297,-104.3783731,6.697143555000001,3.3,ml,27,66,0.04611814088,0.4,tx,tx2022vxcy,2022-11-08T22:19:53.174Z,"56 km S of Whites City, New Mexico",earthquake,1.054774604,1.093573855,0.2,20,reviewed,tx,tx
2022-11-08T03:50:53.985Z,40.172,-119.148,8.3,3.3,ml,24,57.64,0.447,0.1429,nn,nn00850805,2022-11-09T02:51:22.040Z,"41 km NNE of Nixon, Nevada",earthquake,,0.8,0.28,8,reviewed,nn,nn
2022-11-08T00:14:02.870Z,31.5643333,-115.6708333,0.74,2.65,ml,10,128,0.1977,0.09,ci,ci40130079,2022-11-10T19:01:14.204Z,"86km E of Maneadero, B.C., MX",earthquake,0.46,0.83,0.146,41,reviewed,ci,ci
2022-11-07T19:41:35.350Z,38.5181667,-119.5206667,4.61,3.23,ml,22,96,0.03226,0.05,nc,nc73802520,2022-11-21T19:37:37.040Z,"4km W of Walker, CA",earthquake,0.2,0.33,0.24,30,reviewed,nc,nc
2022-11-07T19:38:53.130Z,39.7935,-123.1898333,5.85,2.51,md,42,40,0.09883,0.14,nc,nc73802510,2022-11-21T19:24:00.040Z,"5km E of Covelo, CA",earthquake,0.21,0.46,0.104,42,reviewed,nc,nc
2022-11-07T19:32:58.440Z,38.5203333,-119.5126667,4.55,2.88,md,20,103,0.02641,0.05,nc,nc73802505,2022-11-21T19:31:58.040Z,"3km WNW of Walker, CA",earthquake,0.2,0.34,0.159,53,reviewed,nc,nc
2022-11-07T15:15:03.090Z,31.65135131,-104.3180018,7.468383789,3.5,ml,36,128,0.0496107281,0.3,tx,tx2022vvod,2022-11-14T21:21:55.828Z,"58 km S of Whites City, New Mexico",earthquake,0.8618272423999999,0.9912782859,0.2,26,reviewed,tx,tx
2022-11-07T13:13:52.350Z,32.727,-118.2761667,5.85,2.63,ml,32,223,0.3399,0.26,ci,ci40129991,2022-11-07T18:30:08.040Z,"12km SSE of San Clemente Is. (SE tip), CA",earthquake,0.55,31.61,0.137,128,reviewed,ci,ci
2022-11-07T10:43:04.488Z,43.0277,-111.593,10,3.1,ml,35,63,0.447,0.51,us,us7000in1y,2022-11-14T09:08:40.040Z,"41 km N of Soda Springs, Idaho",earthquake,3.31,2.01,0.042,74,reviewed,us,us
2022-11-07T06:09:33.679Z,36.53883333,-98.96366667,6.64,2.51,ml,90,47,0,0.2,ok,ok2022vuwd,2022-11-08T14:29:10.433Z,"8 km WSW of Waynoka, Oklahoma",earthquake,,0.3,0.28,25,reviewed,ok,ok
2022-11-07T05:13:56.560Z,31.5623333,-115.6716667,0.39,2.5,ml,11,107,0.1956,0.07,ci,ci40129879,2022-11-07T17:40:03.890Z,"86km E of Maneadero, B.C., MX",earthquake,0.34,0.62,0.09,37,reviewed,ci,ci
2022-11-07T05:10:26.660Z,31.509,-115.782,21.56,3.81,ml,9,164,0.1173,0.14,ci,ci40129871,2022-11-08T05:13:42.643Z,"78km ESE of Maneadero, B.C., MX",earthquake,0.62,0.85,0.152,76,reviewed,ci,ci
2022-11-07T04:59:02.620Z,31.5571667,-115.6993333,7.04,4.04,mw,14,87,0.1804,0.1,ci,ci40129847,2022-11-24T00:05:10.070Z,"84km ESE of Maneadero, B.C., MX",earthquake,0.22,0.92,,6,reviewed,ci,ci
2022-11-07T04:52:55.210Z,31.5536667,-115.7113333,8.36,3.69,ml,14,91,0.1733,0.2,ci,ci40129839,2022-11-15T06:13:14.040Z,"83km ESE of Maneadero, B.C., MX",earthquake,0.36,1.39,0.139,86,reviewed,ci,ci
2022-11-07T04:50:33.060Z,31.5138333,-115.7966667,19.58,3.1,ml,9,172,0.1225,0.2,ci,ci40129831,2022-11-15T06:09:45.040Z,"76km ESE of Maneadero, B.C., MX",earthquake,0.89,1.41,0.114,55,reviewed,ci,ci
2022-11-07T04:14:51.182Z,44.3663,-115.1659,10,3.6,ml,34,61,0.935,0.68,us,us7000in01,2022-11-17T00:36:41.185Z,"24 km NW of Stanley, Idaho",earthquake,2.88,2.011,0.03,148,reviewed,us,us
2022-11-07T02:01:27.780Z,39.4828333,-123.1165,5.62,3.76,mw,65,71,0.09557,0.08,nc,nc73804556,2022-11-17T00:29:12.113Z,"16km WNW of Lake Pillsbury, CA",earthquake,0.12,0.35,,3,reviewed,nc,nc
2022-11-06T22:54:08.509Z,34.66583333,-96.0045,23.54,2.55,ml,74,88,0.3212369623,0.29,ok,ok2022vuhu,2022-11-07T22:00:57.040Z,"2 km ENE of Wardville, Oklahoma",earthquake,,0.6,0.2,19,reviewed,ok,ok
2022-11-06T15:37:38.369Z,36.54016667,-98.96333333,6.7,2.61,ml,100,47,0,0.17,ok,ok2022vttj,2022-11-13T22:20:34.040Z,"8 km WSW of Waynoka, Oklahoma",earthquake,,0.2,0.22,21,reviewed,ok,ok
2022-11-06T11:39:53.160Z,36.9838333,-112.9426667,16.48,3.78,ml,28,87,0.102,0.24,uu,uu60523487,2022-11-22T12:06:53.304Z,"3 km ESE of Colorado City, Arizona",earthquake,0.55,0.65,0.149,25,reviewed,uu,uu
2022-11-05T20:39:33.120Z,33.8315,-118.2781667,11.22,2.69,ml,75,63,0.0384,0.27,ci,ci40129359,2022-11-23T03:54:01.040Z,"0km E of Carson, CA",earthquake,0.21,0.36,0.192,121,reviewed,ci,ci
2022-11-05T19:06:48.590Z,36.629,-121.2515,9.46,2.8,md,79,54,0.05395,0.11,nc,nc73803991,2022-11-22T23:45:39.040Z,"14km NW of Pinnacles, CA",earthquake,0.14,0.26,0.131,135,reviewed,nc,nc
2022-11-05T18:44:12.230Z,37.0878333,-91.0195,8.1,3.16,md,55,39,0.08211,0.31,nm,nm60415171,2022-11-09T03:36:32.395Z,"10 km N of Van Buren, Missouri",earthquake,0.4,0.62,0.099,37,reviewed,nm,nm
2022-11-05T10:59:26.120Z,35.647,-117.4993333,7.95,2.66,ml,38,55,0.1324,0.12,ci,ci40129239,2022-11-06T17:06:21.130Z,"16km SSW of Searles Valley, CA",earthquake,0.13,0.56,0.134,116,reviewed,ci,ci
2022-11-05T01:48:32.547Z,28.96087646,-97.99804688,4.524129232,2.8,ml,23,43,0.02079788133,0.3,tx,tx2022vqwn,2022-11-07T20:10:35.070Z,"3 km SE of Falls City, Texas",earthquake,1.563589819,1.8117303840000003,0.2,13,reviewed,tx,tx
2022-11-05T01:01:29.521Z,31.6791131,-104.4339741,5.977319336,2.5,ml,49,52,0.02301193799,0.2,tx,tx2022vquw,2022-11-10T20:01:19.538Z,"55 km S of Whites City, New Mexico",earthquake,0.7320092335,0.6817216885,0,6,reviewed,tx,tx
2022-11-04T20:27:36.120Z,38.8333333,-122.795,1.26,2.94,md,81,40,0.006238,0.07,nc,nc73803321,2022-11-05T18:36:24.040Z,"6km WNW of Cobb, CA",earthquake,0.09,0.11,0.144,62,reviewed,nc,nc
2022-11-04T20:26:32.930Z,38.8331667,-122.7961667,2.47,3.19,ml,90,22,0.006934,0.05,nc,nc73803326,2022-11-05T01:40:11.850Z,"6km W of Cobb, CA",earthquake,0.09,0.12,0.198,82,reviewed,nc,nc
2022-11-04T16:57:49.704Z,44.6548,-112.5143,10.613,2.9,ml,32,48,0.105,0.65,us,us7000imjn,2022-11-26T21:37:38.067Z,"",earthquake,1.78,7.349,0.051,50,reviewed,us,us
2022-11-04T11:46:03.760Z,37.4886667,-119.4043333,21.94,2.55,md,46,38,0.2113,0.07,nc,nc73803131,2022-11-11T07:55:18.040Z,"28km NE of Oakhurst, CA",earthquake,0.23,0.56,0.214,63,reviewed,nc,nc
2022-11-04T10:02:46.659Z,28.1745,-112.3029,10,6.1,mww,173,90,0.853,0.71,us,us7000imgl,2022-11-07T17:11:47.771Z,"80 km SSW of Bah√≠a de Kino, Mexico",earthquake,5.88,1.854,0.039,63,reviewed,us,us
2022-11-04T02:10:30.931Z,28.96179199,-97.98874081,2.494384766,2.7,ml,23,47,0.01651922072,0.3,tx,tx2022vpbu,2022-11-19T23:53:35.040Z,"3 km SE of Falls City, Texas",earthquake,1.553280978,2.536055324,0.2,12,reviewed,tx,tx
2022-11-04T02:09:23.887Z,28.96362305,-97.99494485,6.94514974,2.8,ml,25,37,0.02096851037,0.3,tx,tx2022vpbs,2022-11-19T23:51:09.040Z,"3 km SE of Falls City, Texas",earthquake,1.685411201,1.357081325,0.2,11,reviewed,tx,tx
2022-11-04T02:08:26.420Z,38.8363333,-122.8013333,1.81,2.83,md,83,28,0.008829,0.07,nc,nc73802826,2022-11-19T23:48:29.040Z,"7km WNW of Cobb, CA",earthquake,0.09,0.13,0.151,63,reviewed,nc,nc
2022-11-03T21:25:57.820Z,28.98834229,-98.03527114,2.469930013,3,ml,26,34,0.06341651031,0.3,tx,tx2022vosj,2022-11-15T02:28:38.040Z,"1 km WNW of Falls City, Texas",earthquake,1.921158495,1.937869237,0.1,13,reviewed,tx,tx
2022-11-03T19:34:10.629Z,31.1644,-116.7074,10,3.3,ml,14,273,0.702,0.49,us,us7000ima7,2022-11-08T21:54:39.040Z,"47 km WSW of San Vicente, Mexico",earthquake,3.82,1.951,0.066,30,reviewed,us,us
2022-11-03T19:11:09.480Z,31.5301667,-115.7598333,16.86,3.27,ml,13,127,0.1399,0.12,ci,ci40128775,2022-11-08T21:42:23.040Z,"79km ESE of Maneadero, B.C., MX",earthquake,0.49,0.63,0.165,132,reviewed,ci,ci
2022-11-03T19:09:03.270Z,31.5638333,-115.6906667,1.67,3.1,ml,15,86,0.1895,0.09,ci,ci40128767,2022-11-08T21:56:00.040Z,"85km ESE of Maneadero, B.C., MX",earthquake,0.21,0.4,0.149,82,reviewed,ci,ci
2022-11-03T15:45:22.480Z,37.43,-121.7728333,8.78,2.8,md,121,31,0.05233,0.08,nc,nc73802691,2022-11-08T17:53:47.793Z,"9km NE of Alum Rock, CA",earthquake,0.08,0.2,0.129,140,reviewed,nc,nc
2022-11-03T14:56:43.397Z,31.16813827,-103.264417,1.118505859,2.5,ml,29,43,0.01937004701,0.2,tx,tx2022vofn,2022-11-03T17:48:08.855Z,"20 km WSW of Coyanosa, Texas",earthquake,0.758583969,0.8042793036,0.1,12,reviewed,tx,tx
2022-11-02T20:54:50.475Z,31.61903434,-104.0946022,6.658581543,2.5,ml,41,52,0.0294235517,0.2,tx,tx2022vmvv,2022-11-03T19:25:21.096Z,"western Texas",earthquake,0.5093364725,0.5285228202999999,0,7,reviewed,tx,tx
2022-11-02T20:29:25.306Z,43.8693,-108.0343,5,3.3,ml,12,172,1.532,0.97,us,us7000im1p,2022-11-07T20:26:04.040Z,"7 km SSW of South Flat, Wyoming",earthquake,2.24,1.95,0.043,71,reviewed,us,us
2022-11-02T17:04:43.329Z,38.3919,-96.8816,5,2.5,mb_lg,29,95,0.739,0.48,us,us7000im0p,2022-11-07T19:41:30.219Z,"12 km ENE of Marion, Kansas",earthquake,3.65,2.002,0.083,38,reviewed,us,us
2022-11-02T16:44:57.930Z,41.5028333,-112.1756667,7.16,2.69,ml,38,64,0.1039,0.21,uu,uu60523002,2022-11-15T00:38:22.040Z,"Utah",earthquake,0.34,0.69,0.166,16,reviewed,uu,uu
2022-11-02T15:21:32.224Z,38.4013,-96.8417,5,2.8,mb_lg,31,93,0.722,0.36,us,us7000ilyv,2022-11-14T06:20:49.040Z,"Kansas",earthquake,2.13,1.982,0.065,61,reviewed,us,us
2022-11-02T11:12:23.440Z,37.3086662,-121.677002,7.16,2.83,md,70,39,0.04286,0.06,nc,nc73802391,2022-11-13T06:59:49.040Z,"14km E of Seven Trees, CA",earthquake,0.13,0.27,0.13,93,automatic,nc,nc
2022-11-02T07:54:49.065Z,30.2041626,-104.6552258,0.0244547526,2.6,ml,35,255,0.6484753909,0.3,tx,tx2022vlwb,2022-11-02T19:37:46.278Z,"45 km SSW of Valentine, Texas",earthquake,2.369528486,0.523369588,0,6,reviewed,tx,tx
2022-11-02T05:52:09.734Z,32.5917,-109.0252,5,3,ml,13,143,1.049,0.29,us,us7000ilx8,2022-11-06T23:56:33.951Z,"10 km SSE of Franklin, Arizona",earthquake,4.74,1.942,0.091,16,reviewed,us,us
2022-11-02T05:30:37.595Z,32.5434,-109.0171,5,3.1,ml,12,145,1.041,0.61,us,us7000ilx1,2022-11-03T05:44:38.829Z,"15 km SSE of Franklin, Arizona",earthquake,3.41,1.948,0.097,14,reviewed,us,us
2022-11-02T04:58:23.840Z,36.6871667,-121.3175,3.1,2.54,md,50,89,0.03088,0.1,nc,nc73802331,2022-11-15T01:15:54.040Z,"11km S of Tres Pinos, CA",earthquake,0.2,0.39,0.249,55,reviewed,nc,nc
2022-11-02T04:37:04.970Z,42.27166666666667,-124.57966666666667,22.63,2.9,ml,15,244,0.1793,0.23,uw,uw61890796,2022-11-02T16:47:28.918Z,"15 km W of Pistol River, Oregon",earthquake,1.6,0.61,0.16613051252821398,11,reviewed,uw,uw
2022-11-01T18:54:42.819Z,29.25750732,-97.46036305,6.089233398,2.9,ml,19,65,0.03969028931,0.3,tx,tx2022vkwj,2022-11-01T20:13:58.040Z,"17 km E of Smiley, Texas",earthquake,2.173629077,2.343348904,0.1,10,reviewed,tx,tx
2022-11-01T07:17:42.019Z,28.4744,-111.6283,10,4.2,mb,36,205,0.807,1.51,us,us7000iln9,2022-11-03T00:56:30.001Z,"27 km S of La Providencia, Mexico",earthquake,5.01,1.982,0.176,9,reviewed,us,us
2022-11-01T06:58:59.430Z,36.9053,-104.82,3.248,2.6,ml,23,71,0.109,0.46,us,us7000iln8,2022-11-06T05:01:34.040Z,"25 km SSW of Segundo, Colorado",earthquake,5.28,6.597,0.053,46,reviewed,us,us
2022-11-01T05:23:47.890Z,33.7098333,-119.2718333,1.88,2.79,ml,21,180,0.4354,0.21,ci,ci40127943,2022-11-04T07:35:16.040Z,"33km NW of Santa Barbara Is., CA",earthquake,0.65,1.88,0.137,110,reviewed,ci,ci
2022-10-31T23:01:10.076Z,44.4291,-115.1993,10,3,ml,24,60,0.871,0.99,us,us7000ills,2022-11-01T22:39:22.040Z,"southern Idaho",earthquake,3.23,2.011,0.039,88,reviewed,us,us
2022-10-31T22:53:45.650Z,35.974,-117.3248333,2.7,2.86,ml,38,56,0.08946,0.14,ci,ci40127847,2022-11-08T05:11:31.040Z,"24km NNE of Trona, CA",earthquake,0.16,0.43,0.13,25,reviewed,ci,ci
2022-10-31T21:25:59.414Z,31.61580046,-104.2655282,7.57121582,2.6,ml,42,70,0.0558968268,0.2,tx,tx2022vjfw,2022-11-08T04:41:00.040Z,"55 km NW of Toyah, Texas",earthquake,0.6431311491,0.8691278185,0.2,25,reviewed,tx,tx
2022-10-31T16:21:52.452Z,29.24102783,-97.46863511,2.469930013,2.6,ml,17,72,0.05140404113,0.2,tx,tx2022vivv,2022-11-07T20:55:41.040Z,"Southern Texas",earthquake,1.367796349,1.520448342,0,6,reviewed,tx,tx
2022-10-31T10:22:03.656Z,44.3375,-115.0637,10,2.5,ml,13,66,0.906,0.72,us,us7000ilg8,2022-11-01T13:35:16.040Z,"16 km NW of Stanley, Idaho",earthquake,2.09,1.993,0.091,16,reviewed,us,us
2022-10-31T08:56:31.637Z,32.00623877,-103.8406251,9.730688477,2.7,ml,77,48,0.0340414831,0.3,tx,tx2022vigy,2022-11-01T10:43:25.852Z,"32 km SE of Malaga, New Mexico",earthquake,0.7659687075,0.5743185435,0.1,41,reviewed,tx,tx
2022-10-31T07:20:59.600Z,37.3158333,-121.6805,7.25,2.83,md,124,28,0.03972,0.08,nc,nc73801601,2022-11-07T23:37:13.497Z,"14km ESE of Alum Rock, CA",earthquake,0.08,0.2,0.158,184,reviewed,nc,nc
2022-10-31T06:11:47.166Z,31.50369418,-104.0615686,6.697143555000001,2.8,ml,36,66,0.07987959381,0.4,tx,tx2022vibr,2022-10-31T07:08:20.040Z,"33 km NW of Toyah, Texas",earthquake,0.8837237952,0.9342804610999998,0.2,21,reviewed,tx,tx
2022-10-31T06:06:32.330Z,37.6296667,-121.8145,8.56,2.8,md,109,43,0.01842,0.17,nc,nc73801581,2022-11-07T18:55:11.867Z,"6km SE of Pleasanton, CA",earthquake,0.14,0.2,0.146,78,reviewed,nc,nc
2022-10-31T04:52:58.560Z,34.3418333,-117.569,4.35,3.01,ml,130,26,0.09885,0.22,ci,ci40127463,2022-11-08T04:39:47.040Z,"6km ESE of Wrightwood, CA",earthquake,0.11,0.45,0.184,198,reviewed,ci,ci
2022-10-31T01:33:46.900Z,34.1625,-80.7191667,3.09,2.54,md,21,63,0.02446,0.3,se,se60414656,2022-11-25T22:42:36.450Z,"6 km E of Elgin, South Carolina",earthquake,0.63,0.42,0.174,18,reviewed,se,se
2022-10-30T13:24:56.920Z,36.5111667,-117.3738333,4.9,2.52,ml,24,80,0.2971,0.21,ci,ci40127287,2022-11-06T15:09:01.040Z,"23km WSW of Stovepipe Wells, CA",earthquake,0.33,31.61,0.125,40,reviewed,ci,ci
2022-10-30T12:42:11.258Z,32.49481201,-101.6755192,0.0244547526,2.5,ml,50,46,0.1404306237,0.3,tx,tx2022vgtb,2022-11-04T07:44:22.040Z,"5 km SE of Ackerly, Texas",earthquake,1.001705304,0.2322947184,0.1,21,reviewed,tx,tx
2022-10-30T08:26:33.137Z,29.23736572,-97.47070313,3.986124674,3.5,ml,30,78,0.05465250937,0.2,tx,tx2022vgkq,2022-11-06T04:48:56.680Z,"",earthquake,1.973825979,1.606423898,0.1,13,reviewed,tx,tx
2022-10-30T08:16:03.080Z,34.0463333,-117.2351667,15.17,2.85,ml,149,15,0.07098,0.2,ci,ci40127223,2022-11-05T17:42:02.069Z,"2km E of Loma Linda, CA",earthquake,0.11,0.19,0.128,202,reviewed,ci,ci
2022-10-30T05:00:36.420Z,40.274,-124.414,16.85,2.79,md,33,237,0.0565,0.17,nc,nc73801086,2022-11-02T03:13:10.960Z,"12km WSW of Petrolia, CA",earthquake,0.43,0.3,0.195,49,reviewed,nc,nc
2022-10-29T12:28:31.860Z,31.61152169,-104.1051839,6.440063477,2.8,ml,20,86,0.03772546272,0.1,tx,tx2022vexe,2022-11-26T10:49:13.040Z,"44 km NW of Toyah, Texas",earthquake,0.8334419623,0.8135117211,0.2,16,reviewed,tx,tx
2022-10-29T04:03:07.022Z,31.18922903,-103.3572672,7.416967772999999,2.5,ml,42,49,0.08729276329,0.2,tx,tx2022vegl,2022-11-04T23:03:53.322Z,"26 km SE of Lindsay, Texas",earthquake,0.8548658772,0.8532436617,0.1,24,reviewed,tx,tx
2022-10-28T21:08:53.865Z,32.48931885,-101.6733756,7.556518555000001,3.4,ml,16,51,0.1346992638,0.1,tx,tx2022vdsu,2022-11-14T02:15:30.040Z,"5 km SE of Ackerly, Texas",earthquake,1.400265271,2.337326203,0.1,13,reviewed,tx,tx
2022-10-28T16:31:28.368Z,29.23370361,-97.46863511,3.203572591,2.8,ml,18,71,0.05491375016,0.2,tx,tx2022vdjq,2022-11-04T19:18:50.040Z,"16 km ESE of Smiley, Texas",earthquake,1.323330613,1.8872669529999997,0.1,7,reviewed,tx,tx
2022-10-28T15:46:19.597Z,31.61084666,-104.2466622,8.548120117,2.5,ml,45,58,0.06281208837,0.3,tx,tx2022vdid,2022-11-02T09:22:50.779Z,"54 km NW of Toyah, Texas",earthquake,0.813083685,1.021837652,0.1,25,reviewed,tx,tx
2022-10-28T15:46:17.940Z,29.23370361,-97.47277114,3.545939128,2.5,ml,14,70,0.05800690679,0.1,tx,tx2022vdie,2022-11-02T08:58:38.745Z,"16 km ESE of Smiley, Texas",earthquake,0.7351437666,1.8390289790000003,0.1,10,reviewed,tx,tx
2022-10-28T13:33:21.007Z,35.16906738,-101.7660757,6.113688151,2.5,ml,12,74,0.2574253714,0.3,tx,tx2022vddt,2022-10-31T07:21:05.040Z,"8 km SE of Amarillo, Texas",earthquake,1.459986393,1.343611782,0.2,7,reviewed,tx,tx
2022-10-28T10:40:37.040Z,36.9416667,-121.3346667,7.04,2.92,md,89,41,0.0484,0.15,nc,nc73800236,2022-11-18T08:39:43.040Z,"12km NNE of Hollister, CA",earthquake,0.14,0.4,0.138,172,reviewed,nc,nc
2022-10-28T02:08:00.260Z,37.611,-118.8613333,2.54,2.87,md,35,91,0.008081,0.03,nc,nc73800056,2022-11-03T00:22:34.040Z,"11km ESE of Mammoth Lakes, CA",earthquake,0.18,0.24,0.158,96,reviewed,nc,nc
